string_protein_id	edge_occurrences	reason
9606.ENSP00000040584	118	no_unique_ncbi_gene_mapping
9606.ENSP00000216487	140	no_unique_ncbi_gene_mapping
9606.ENSP00000222567	542	no_unique_ncbi_gene_mapping
9606.ENSP00000246841	76	no_unique_ncbi_gene_mapping
9606.ENSP00000248072	102	no_unique_ncbi_gene_mapping
9606.ENSP00000254695	28	no_unique_ncbi_gene_mapping
9606.ENSP00000256797	78	no_unique_ncbi_gene_mapping
9606.ENSP00000261318	12	no_unique_ncbi_gene_mapping
9606.ENSP00000261588	86	no_unique_ncbi_gene_mapping
9606.ENSP00000262415	588	no_unique_ncbi_gene_mapping
9606.ENSP00000262525	130	no_unique_ncbi_gene_mapping
9606.ENSP00000262644	102	no_unique_ncbi_gene_mapping
9606.ENSP00000262894	26	no_unique_ncbi_gene_mapping
9606.ENSP00000263100	138	no_unique_ncbi_gene_mapping
9606.ENSP00000265068	46	no_unique_ncbi_gene_mapping
9606.ENSP00000267103	54	no_unique_ncbi_gene_mapping
9606.ENSP00000273390	88	no_unique_ncbi_gene_mapping
9606.ENSP00000282308	16	no_unique_ncbi_gene_mapping
9606.ENSP00000286523	18	no_unique_ncbi_gene_mapping
9606.ENSP00000287387	58	no_unique_ncbi_gene_mapping
9606.ENSP00000288912	94	no_unique_ncbi_gene_mapping
9606.ENSP00000293662	74	no_unique_ncbi_gene_mapping
9606.ENSP00000294664	118	no_unique_ncbi_gene_mapping
9606.ENSP00000295966	58	no_unique_ncbi_gene_mapping
9606.ENSP00000299505	120	no_unique_ncbi_gene_mapping
9606.ENSP00000299957	30	no_unique_ncbi_gene_mapping
9606.ENSP00000300182	78	no_unique_ncbi_gene_mapping
9606.ENSP00000300184	48	no_unique_ncbi_gene_mapping
9606.ENSP00000306095	48	no_unique_ncbi_gene_mapping
9606.ENSP00000313581	208	no_unique_ncbi_gene_mapping
9606.ENSP00000317579	12	no_unique_ncbi_gene_mapping
9606.ENSP00000323036	74	no_unique_ncbi_gene_mapping
9606.ENSP00000323929	498	no_unique_ncbi_gene_mapping
9606.ENSP00000323978	30	no_unique_ncbi_gene_mapping
9606.ENSP00000326110	38	no_unique_ncbi_gene_mapping
9606.ENSP00000328232	92	no_unique_ncbi_gene_mapping
9606.ENSP00000330049	48	no_unique_ncbi_gene_mapping
9606.ENSP00000331111	364	no_unique_ncbi_gene_mapping
9606.ENSP00000333845	228	no_unique_ncbi_gene_mapping
9606.ENSP00000334767	60	no_unique_ncbi_gene_mapping
9606.ENSP00000335247	46	no_unique_ncbi_gene_mapping
9606.ENSP00000340609	14	no_unique_ncbi_gene_mapping
9606.ENSP00000341021	126	no_unique_ncbi_gene_mapping
9606.ENSP00000344166	158	no_unique_ncbi_gene_mapping
9606.ENSP00000346442	66	no_unique_ncbi_gene_mapping
9606.ENSP00000347689	164	no_unique_ncbi_gene_mapping
9606.ENSP00000349458	118	no_unique_ncbi_gene_mapping
9606.ENSP00000349494	20	no_unique_ncbi_gene_mapping
9606.ENSP00000349891	54	no_unique_ncbi_gene_mapping
9606.ENSP00000351232	54	no_unique_ncbi_gene_mapping
9606.ENSP00000352182	32	no_unique_ncbi_gene_mapping
9606.ENSP00000353646	222	no_unique_ncbi_gene_mapping
9606.ENSP00000354346	494	no_unique_ncbi_gene_mapping
9606.ENSP00000354483	12	no_unique_ncbi_gene_mapping
9606.ENSP00000355649	8	no_unique_ncbi_gene_mapping
9606.ENSP00000355812	172	no_unique_ncbi_gene_mapping
9606.ENSP00000355877	28	no_unique_ncbi_gene_mapping
9606.ENSP00000355880	30	no_unique_ncbi_gene_mapping
9606.ENSP00000357731	232	no_unique_ncbi_gene_mapping
9606.ENSP00000358955	10	no_unique_ncbi_gene_mapping
9606.ENSP00000359434	44	no_unique_ncbi_gene_mapping
9606.ENSP00000359579	82	no_unique_ncbi_gene_mapping
9606.ENSP00000359837	232	no_unique_ncbi_gene_mapping
9606.ENSP00000360065	126	no_unique_ncbi_gene_mapping
9606.ENSP00000360715	132	no_unique_ncbi_gene_mapping
9606.ENSP00000361800	126	no_unique_ncbi_gene_mapping
9606.ENSP00000362273	78	no_unique_ncbi_gene_mapping
9606.ENSP00000366826	68	no_unique_ncbi_gene_mapping
9606.ENSP00000367748	22	no_unique_ncbi_gene_mapping
9606.ENSP00000368245	18	no_unique_ncbi_gene_mapping
9606.ENSP00000370724	22	no_unique_ncbi_gene_mapping
9606.ENSP00000370980	120	no_unique_ncbi_gene_mapping
9606.ENSP00000371786	18	no_unique_ncbi_gene_mapping
9606.ENSP00000373066	6	no_unique_ncbi_gene_mapping
9606.ENSP00000375859	42	no_unique_ncbi_gene_mapping
9606.ENSP00000377176	152	no_unique_ncbi_gene_mapping
9606.ENSP00000379310	72	no_unique_ncbi_gene_mapping
9606.ENSP00000380996	18	no_unique_ncbi_gene_mapping
9606.ENSP00000384290	106	no_unique_ncbi_gene_mapping
9606.ENSP00000385714	4	no_unique_ncbi_gene_mapping
9606.ENSP00000386219	18	no_unique_ncbi_gene_mapping
9606.ENSP00000386653	12	no_unique_ncbi_gene_mapping
9606.ENSP00000387111	302	no_unique_ncbi_gene_mapping
9606.ENSP00000390331	214	no_unique_ncbi_gene_mapping
9606.ENSP00000390353	8	no_unique_ncbi_gene_mapping
9606.ENSP00000390513	158	no_unique_ncbi_gene_mapping
9606.ENSP00000391788	90	no_unique_ncbi_gene_mapping
9606.ENSP00000391806	64	no_unique_ncbi_gene_mapping
9606.ENSP00000394107	592	no_unique_ncbi_gene_mapping
9606.ENSP00000396527	58	no_unique_ncbi_gene_mapping
9606.ENSP00000396755	142	no_unique_ncbi_gene_mapping
9606.ENSP00000398035	2	no_unique_ncbi_gene_mapping
9606.ENSP00000398495	254	no_unique_ncbi_gene_mapping
9606.ENSP00000398526	24	no_unique_ncbi_gene_mapping
9606.ENSP00000398803	356	no_unique_ncbi_gene_mapping
9606.ENSP00000399208	14	no_unique_ncbi_gene_mapping
9606.ENSP00000400312	124	no_unique_ncbi_gene_mapping
9606.ENSP00000400325	22	no_unique_ncbi_gene_mapping
9606.ENSP00000401076	6	no_unique_ncbi_gene_mapping
9606.ENSP00000401642	24	no_unique_ncbi_gene_mapping
9606.ENSP00000402644	18	no_unique_ncbi_gene_mapping
9606.ENSP00000402674	22	no_unique_ncbi_gene_mapping
9606.ENSP00000403937	20	no_unique_ncbi_gene_mapping
9606.ENSP00000404220	80	no_unique_ncbi_gene_mapping
9606.ENSP00000407552	160	no_unique_ncbi_gene_mapping
9606.ENSP00000408410	88	no_unique_ncbi_gene_mapping
9606.ENSP00000410815	14	no_unique_ncbi_gene_mapping
9606.ENSP00000412130	74	no_unique_ncbi_gene_mapping
9606.ENSP00000412457	46	no_unique_ncbi_gene_mapping
9606.ENSP00000413445	14	no_unique_ncbi_gene_mapping
9606.ENSP00000414068	6	no_unique_ncbi_gene_mapping
9606.ENSP00000415609	2	no_unique_ncbi_gene_mapping
9606.ENSP00000417050	222	no_unique_ncbi_gene_mapping
9606.ENSP00000417517	6	no_unique_ncbi_gene_mapping
9606.ENSP00000417556	8	no_unique_ncbi_gene_mapping
9606.ENSP00000418875	26	no_unique_ncbi_gene_mapping
9606.ENSP00000421021	52	no_unique_ncbi_gene_mapping
9606.ENSP00000421315	4	no_unique_ncbi_gene_mapping
9606.ENSP00000421799	12	no_unique_ncbi_gene_mapping
9606.ENSP00000423099	30	no_unique_ncbi_gene_mapping
9606.ENSP00000423309	126	no_unique_ncbi_gene_mapping
9606.ENSP00000423325	6	no_unique_ncbi_gene_mapping
9606.ENSP00000424363	14	no_unique_ncbi_gene_mapping
9606.ENSP00000426948	10	no_unique_ncbi_gene_mapping
9606.ENSP00000428055	186	no_unique_ncbi_gene_mapping
9606.ENSP00000428966	44	no_unique_ncbi_gene_mapping
9606.ENSP00000429150	38	no_unique_ncbi_gene_mapping
9606.ENSP00000429367	26	no_unique_ncbi_gene_mapping
9606.ENSP00000430774	178	no_unique_ncbi_gene_mapping
9606.ENSP00000433967	52	no_unique_ncbi_gene_mapping
9606.ENSP00000437563	62	no_unique_ncbi_gene_mapping
9606.ENSP00000438507	6	no_unique_ncbi_gene_mapping
9606.ENSP00000439065	52	no_unique_ncbi_gene_mapping
9606.ENSP00000439601	54	no_unique_ncbi_gene_mapping
9606.ENSP00000439913	10	no_unique_ncbi_gene_mapping
9606.ENSP00000441214	80	no_unique_ncbi_gene_mapping
9606.ENSP00000441930	166	no_unique_ncbi_gene_mapping
9606.ENSP00000442920	958	no_unique_ncbi_gene_mapping
9606.ENSP00000443130	64	no_unique_ncbi_gene_mapping
9606.ENSP00000443194	68	no_unique_ncbi_gene_mapping
9606.ENSP00000443246	130	no_unique_ncbi_gene_mapping
9606.ENSP00000443411	72	no_unique_ncbi_gene_mapping
9606.ENSP00000444533	100	no_unique_ncbi_gene_mapping
9606.ENSP00000445280	16	no_unique_ncbi_gene_mapping
9606.ENSP00000446743	2	no_unique_ncbi_gene_mapping
9606.ENSP00000447000	80	no_unique_ncbi_gene_mapping
9606.ENSP00000447056	2	no_unique_ncbi_gene_mapping
9606.ENSP00000449544	430	no_unique_ncbi_gene_mapping
9606.ENSP00000449770	6	no_unique_ncbi_gene_mapping
9606.ENSP00000450281	8	no_unique_ncbi_gene_mapping
9606.ENSP00000450353	74	no_unique_ncbi_gene_mapping
9606.ENSP00000450856	18	no_unique_ncbi_gene_mapping
9606.ENSP00000450870	6	no_unique_ncbi_gene_mapping
9606.ENSP00000451560	68	no_unique_ncbi_gene_mapping
9606.ENSP00000451792	34	no_unique_ncbi_gene_mapping
9606.ENSP00000452347	6	no_unique_ncbi_gene_mapping
9606.ENSP00000452549	78	no_unique_ncbi_gene_mapping
9606.ENSP00000453045	4	no_unique_ncbi_gene_mapping
9606.ENSP00000453089	72	no_unique_ncbi_gene_mapping
9606.ENSP00000454340	34	no_unique_ncbi_gene_mapping
9606.ENSP00000454437	16	no_unique_ncbi_gene_mapping
9606.ENSP00000454500	34	no_unique_ncbi_gene_mapping
9606.ENSP00000454746	720	no_unique_ncbi_gene_mapping
9606.ENSP00000454786	568	no_unique_ncbi_gene_mapping
9606.ENSP00000455047	52	no_unique_ncbi_gene_mapping
9606.ENSP00000455145	8	no_unique_ncbi_gene_mapping
9606.ENSP00000455561	80	no_unique_ncbi_gene_mapping
9606.ENSP00000456477	36	no_unique_ncbi_gene_mapping
9606.ENSP00000456868	56	no_unique_ncbi_gene_mapping
9606.ENSP00000457111	86	no_unique_ncbi_gene_mapping
9606.ENSP00000457654	12	no_unique_ncbi_gene_mapping
9606.ENSP00000457704	2	no_unique_ncbi_gene_mapping
9606.ENSP00000457718	34	no_unique_ncbi_gene_mapping
9606.ENSP00000460371	14	no_unique_ncbi_gene_mapping
9606.ENSP00000461295	4	no_unique_ncbi_gene_mapping
9606.ENSP00000461324	32	no_unique_ncbi_gene_mapping
9606.ENSP00000461830	84	no_unique_ncbi_gene_mapping
9606.ENSP00000461865	4	no_unique_ncbi_gene_mapping
9606.ENSP00000464167	6	no_unique_ncbi_gene_mapping
9606.ENSP00000464383	118	no_unique_ncbi_gene_mapping
9606.ENSP00000465099	420	no_unique_ncbi_gene_mapping
9606.ENSP00000465212	4	no_unique_ncbi_gene_mapping
9606.ENSP00000466140	16	no_unique_ncbi_gene_mapping
9606.ENSP00000466174	18	no_unique_ncbi_gene_mapping
9606.ENSP00000466514	44	no_unique_ncbi_gene_mapping
9606.ENSP00000466639	168	no_unique_ncbi_gene_mapping
9606.ENSP00000466834	268	no_unique_ncbi_gene_mapping
9606.ENSP00000467041	82	no_unique_ncbi_gene_mapping
9606.ENSP00000467286	6	no_unique_ncbi_gene_mapping
9606.ENSP00000467958	6	no_unique_ncbi_gene_mapping
9606.ENSP00000468040	8	no_unique_ncbi_gene_mapping
9606.ENSP00000468271	4	no_unique_ncbi_gene_mapping
9606.ENSP00000468280	38	no_unique_ncbi_gene_mapping
9606.ENSP00000468367	26	no_unique_ncbi_gene_mapping
9606.ENSP00000468690	8	no_unique_ncbi_gene_mapping
9606.ENSP00000468837	8	no_unique_ncbi_gene_mapping
9606.ENSP00000469242	180	no_unique_ncbi_gene_mapping
9606.ENSP00000469468	432	no_unique_ncbi_gene_mapping
9606.ENSP00000469811	16	no_unique_ncbi_gene_mapping
9606.ENSP00000470059	6	no_unique_ncbi_gene_mapping
9606.ENSP00000470086	42	no_unique_ncbi_gene_mapping
9606.ENSP00000470087	2	no_unique_ncbi_gene_mapping
9606.ENSP00000470259	126	no_unique_ncbi_gene_mapping
9606.ENSP00000470383	8	no_unique_ncbi_gene_mapping
9606.ENSP00000470478	6	no_unique_ncbi_gene_mapping
9606.ENSP00000470615	6	no_unique_ncbi_gene_mapping
9606.ENSP00000470969	6	no_unique_ncbi_gene_mapping
9606.ENSP00000471077	2	no_unique_ncbi_gene_mapping
9606.ENSP00000472152	12	no_unique_ncbi_gene_mapping
9606.ENSP00000472160	4	no_unique_ncbi_gene_mapping
9606.ENSP00000472277	8	no_unique_ncbi_gene_mapping
9606.ENSP00000472465	172	no_unique_ncbi_gene_mapping
9606.ENSP00000472698	2	no_unique_ncbi_gene_mapping
9606.ENSP00000472749	6	no_unique_ncbi_gene_mapping
9606.ENSP00000472894	2	no_unique_ncbi_gene_mapping
9606.ENSP00000473200	140	no_unique_ncbi_gene_mapping
9606.ENSP00000473233	2	no_unique_ncbi_gene_mapping
9606.ENSP00000474135	300	no_unique_ncbi_gene_mapping
9606.ENSP00000475384	12	no_unique_ncbi_gene_mapping
9606.ENSP00000475957	52	no_unique_ncbi_gene_mapping
9606.ENSP00000476091	44	no_unique_ncbi_gene_mapping
9606.ENSP00000476252	18	no_unique_ncbi_gene_mapping
9606.ENSP00000476742	22	no_unique_ncbi_gene_mapping
9606.ENSP00000477043	2	no_unique_ncbi_gene_mapping
9606.ENSP00000477118	46	no_unique_ncbi_gene_mapping
9606.ENSP00000478035	396	no_unique_ncbi_gene_mapping
9606.ENSP00000478249	138	no_unique_ncbi_gene_mapping
9606.ENSP00000478289	594	no_unique_ncbi_gene_mapping
9606.ENSP00000478725	288	no_unique_ncbi_gene_mapping
9606.ENSP00000478752	22	no_unique_ncbi_gene_mapping
9606.ENSP00000478796	42	no_unique_ncbi_gene_mapping
9606.ENSP00000478933	12	no_unique_ncbi_gene_mapping
9606.ENSP00000478939	2	no_unique_ncbi_gene_mapping
9606.ENSP00000479064	20	no_unique_ncbi_gene_mapping
9606.ENSP00000479069	88	no_unique_ncbi_gene_mapping
9606.ENSP00000479119	92	no_unique_ncbi_gene_mapping
9606.ENSP00000479139	40	no_unique_ncbi_gene_mapping
9606.ENSP00000479378	4	no_unique_ncbi_gene_mapping
9606.ENSP00000479444	4	no_unique_ncbi_gene_mapping
9606.ENSP00000479675	94	no_unique_ncbi_gene_mapping
9606.ENSP00000479889	270	no_unique_ncbi_gene_mapping
9606.ENSP00000479921	2	no_unique_ncbi_gene_mapping
9606.ENSP00000480318	22	no_unique_ncbi_gene_mapping
9606.ENSP00000480527	26	no_unique_ncbi_gene_mapping
9606.ENSP00000480558	0	ambiguous_ncbi_gene_mapping
9606.ENSP00000480818	18	no_unique_ncbi_gene_mapping
9606.ENSP00000481127	244	no_unique_ncbi_gene_mapping
9606.ENSP00000481152	218	no_unique_ncbi_gene_mapping
9606.ENSP00000481316	2	no_unique_ncbi_gene_mapping
9606.ENSP00000481571	6	no_unique_ncbi_gene_mapping
9606.ENSP00000481613	16	no_unique_ncbi_gene_mapping
9606.ENSP00000481934	116	no_unique_ncbi_gene_mapping
9606.ENSP00000482038	2	no_unique_ncbi_gene_mapping
9606.ENSP00000482107	524	no_unique_ncbi_gene_mapping
9606.ENSP00000482263	2	no_unique_ncbi_gene_mapping
9606.ENSP00000482325	42	no_unique_ncbi_gene_mapping
9606.ENSP00000482396	24	no_unique_ncbi_gene_mapping
9606.ENSP00000482514	52	no_unique_ncbi_gene_mapping
9606.ENSP00000482916	12	no_unique_ncbi_gene_mapping
9606.ENSP00000483280	12	no_unique_ncbi_gene_mapping
9606.ENSP00000483415	2	no_unique_ncbi_gene_mapping
9606.ENSP00000483981	92	no_unique_ncbi_gene_mapping
9606.ENSP00000483989	80	no_unique_ncbi_gene_mapping
9606.ENSP00000484621	58	no_unique_ncbi_gene_mapping
9606.ENSP00000485129	214	no_unique_ncbi_gene_mapping
9606.ENSP00000485259	6	no_unique_ncbi_gene_mapping
9606.ENSP00000485615	40	no_unique_ncbi_gene_mapping
9606.ENSP00000485630	6	no_unique_ncbi_gene_mapping
9606.ENSP00000485668	24	no_unique_ncbi_gene_mapping
9606.ENSP00000485952	292	no_unique_ncbi_gene_mapping
9606.ENSP00000486623	18	no_unique_ncbi_gene_mapping
9606.ENSP00000487094	54	no_unique_ncbi_gene_mapping
9606.ENSP00000487717	2	no_unique_ncbi_gene_mapping
9606.ENSP00000488802	48	no_unique_ncbi_gene_mapping
9606.ENSP00000489311	70	no_unique_ncbi_gene_mapping
9606.ENSP00000489710	6	no_unique_ncbi_gene_mapping
9606.ENSP00000489910	8	no_unique_ncbi_gene_mapping
9606.ENSP00000490059	4	no_unique_ncbi_gene_mapping
9606.ENSP00000490163	38	no_unique_ncbi_gene_mapping
9606.ENSP00000490264	6	no_unique_ncbi_gene_mapping
9606.ENSP00000490530	18	no_unique_ncbi_gene_mapping
9606.ENSP00000490747	150	no_unique_ncbi_gene_mapping
9606.ENSP00000490941	12	no_unique_ncbi_gene_mapping
9606.ENSP00000490953	2	no_unique_ncbi_gene_mapping
9606.ENSP00000491046	64	no_unique_ncbi_gene_mapping
9606.ENSP00000491073	60	no_unique_ncbi_gene_mapping
9606.ENSP00000491117	10	no_unique_ncbi_gene_mapping
9606.ENSP00000491197	14	no_unique_ncbi_gene_mapping
9606.ENSP00000491227	190	no_unique_ncbi_gene_mapping
9606.ENSP00000491341	64	no_unique_ncbi_gene_mapping
9606.ENSP00000491596	80	no_unique_ncbi_gene_mapping
9606.ENSP00000491651	108	no_unique_ncbi_gene_mapping
9606.ENSP00000491750	48	no_unique_ncbi_gene_mapping
9606.ENSP00000492220	220	no_unique_ncbi_gene_mapping
9606.ENSP00000492303	8	no_unique_ncbi_gene_mapping
9606.ENSP00000492384	32	no_unique_ncbi_gene_mapping
9606.ENSP00000492745	2	no_unique_ncbi_gene_mapping
9606.ENSP00000492766	14	no_unique_ncbi_gene_mapping
9606.ENSP00000492798	110	no_unique_ncbi_gene_mapping
9606.ENSP00000493046	16	no_unique_ncbi_gene_mapping
9606.ENSP00000493273	90	no_unique_ncbi_gene_mapping
9606.ENSP00000493287	34	no_unique_ncbi_gene_mapping
9606.ENSP00000493327	28	no_unique_ncbi_gene_mapping
9606.ENSP00000493393	30	no_unique_ncbi_gene_mapping
9606.ENSP00000493436	40	no_unique_ncbi_gene_mapping
9606.ENSP00000493607	16	no_unique_ncbi_gene_mapping
9606.ENSP00000493691	8	no_unique_ncbi_gene_mapping
9606.ENSP00000493701	330	no_unique_ncbi_gene_mapping
9606.ENSP00000493768	44	no_unique_ncbi_gene_mapping
9606.ENSP00000493780	12	no_unique_ncbi_gene_mapping
9606.ENSP00000493899	16	no_unique_ncbi_gene_mapping
9606.ENSP00000493971	64	no_unique_ncbi_gene_mapping
9606.ENSP00000494172	14	no_unique_ncbi_gene_mapping
9606.ENSP00000494177	2	no_unique_ncbi_gene_mapping
9606.ENSP00000494667	16	no_unique_ncbi_gene_mapping
9606.ENSP00000495614	28	no_unique_ncbi_gene_mapping
9606.ENSP00000495715	18	no_unique_ncbi_gene_mapping
9606.ENSP00000495936	8	no_unique_ncbi_gene_mapping
9606.ENSP00000496019	192	no_unique_ncbi_gene_mapping
9606.ENSP00000496158	10	no_unique_ncbi_gene_mapping
9606.ENSP00000496197	36	no_unique_ncbi_gene_mapping
9606.ENSP00000496470	12	no_unique_ncbi_gene_mapping
9606.ENSP00000496817	48	no_unique_ncbi_gene_mapping
9606.ENSP00000496883	48	no_unique_ncbi_gene_mapping
9606.ENSP00000496978	6	no_unique_ncbi_gene_mapping
9606.ENSP00000496982	8	no_unique_ncbi_gene_mapping
9606.ENSP00000497072	42	no_unique_ncbi_gene_mapping
9606.ENSP00000497076	16	no_unique_ncbi_gene_mapping
9606.ENSP00000497305	302	no_unique_ncbi_gene_mapping
9606.ENSP00000497443	34	no_unique_ncbi_gene_mapping
9606.ENSP00000497509	98	no_unique_ncbi_gene_mapping
9606.ENSP00000497510	6	no_unique_ncbi_gene_mapping
9606.ENSP00000497585	214	no_unique_ncbi_gene_mapping
9606.ENSP00000497650	28	no_unique_ncbi_gene_mapping
9606.ENSP00000497876	2	no_unique_ncbi_gene_mapping
9606.ENSP00000497880	110	no_unique_ncbi_gene_mapping
9606.ENSP00000497977	6	no_unique_ncbi_gene_mapping
9606.ENSP00000498010	8	no_unique_ncbi_gene_mapping
9606.ENSP00000498126	48	no_unique_ncbi_gene_mapping
9606.ENSP00000498386	66	no_unique_ncbi_gene_mapping
9606.ENSP00000498395	42	no_unique_ncbi_gene_mapping
9606.ENSP00000498408	244	no_unique_ncbi_gene_mapping
9606.ENSP00000498410	2	no_unique_ncbi_gene_mapping
9606.ENSP00000498497	670	no_unique_ncbi_gene_mapping
9606.ENSP00000498524	24	no_unique_ncbi_gene_mapping
9606.ENSP00000498643	8	no_unique_ncbi_gene_mapping
9606.ENSP00000498784	196	no_unique_ncbi_gene_mapping
9606.ENSP00000498797	8	no_unique_ncbi_gene_mapping
9606.ENSP00000498801	670	no_unique_ncbi_gene_mapping
9606.ENSP00000498819	684	no_unique_ncbi_gene_mapping
9606.ENSP00000498945	682	no_unique_ncbi_gene_mapping
9606.ENSP00000498991	44	no_unique_ncbi_gene_mapping
9606.ENSP00000498998	14	no_unique_ncbi_gene_mapping
9606.ENSP00000499172	8	no_unique_ncbi_gene_mapping
9606.ENSP00000499200	670	no_unique_ncbi_gene_mapping
9606.ENSP00000499467	10	no_unique_ncbi_gene_mapping
9606.ENSP00000499503	32	no_unique_ncbi_gene_mapping
9606.ENSP00000499655	32	no_unique_ncbi_gene_mapping
9606.ENSP00000499734	30	no_unique_ncbi_gene_mapping
9606.ENSP00000499803	2	no_unique_ncbi_gene_mapping
9606.ENSP00000499846	22	no_unique_ncbi_gene_mapping
9606.ENSP00000499970	42	no_unique_ncbi_gene_mapping
9606.ENSP00000500339	6	no_unique_ncbi_gene_mapping
9606.ENSP00000501025	26	no_unique_ncbi_gene_mapping
9606.ENSP00000501026	14	no_unique_ncbi_gene_mapping
9606.ENSP00000501088	10	no_unique_ncbi_gene_mapping
