hpo_id	hpo_name	reason	replacement_candidates
HP:0000489	obsolete Abnormality of globe location or size	obsolete_without_replacement	[]
HP:0000535	obsolete Sparse and thin eyebrow	obsolete_without_replacement	[]
HP:0001122	obsolete Aplasia/Hypoplasia of the choroid	obsolete_without_replacement	[]
HP:0001145	obsolete Chorioretinopathy	obsolete_without_replacement	[]
HP:0001150	obsolete Choroidal sclerosis	obsolete_without_replacement	[]
HP:0001726	obsolete Increased prevalence of valvular disease	obsolete_without_replacement	[]
HP:0002744	obsolete Bilateral cleft lip and palate	obsolete_without_replacement	[]
HP:0003295	obsolete Impaired FSH and LH secretion	obsolete_without_replacement	[]
HP:0003340	obsolete Abnormal dermatological laboratory findings	obsolete_without_replacement	[]
HP:0003494	obsolete Loss of heterozygosity, multiple chromosomes	obsolete_without_replacement	[]
HP:0004038	obsolete Bony spicule of ulnar epiphyseal plate	obsolete_without_replacement	[]
HP:0004066	obsolete Laterally deviated thumb phalanges	obsolete_without_replacement	[]
HP:0004083	obsolete Laterally deviated terminal thumb phalanx	obsolete_without_replacement	[]
HP:0004090	obsolete Advanced maturation/advanced ossification of terminal thumb phalanx epiphysis	obsolete_without_replacement	[]
HP:0004110	obsolete Radially deviated index finger phalanges	obsolete_without_replacement	[]
HP:0004121	obsolete Radially displaced proximal index finger phalanx	obsolete_without_replacement	[]
HP:0004138	obsolete Metaphyseal abnormality of middle phalanx of the 2nd finger	obsolete_without_replacement	[]
HP:0004139	obsolete Flared metaphysis of middle phalanx of index finger	obsolete_without_replacement	[]
HP:0004143	obsolete Radially deviated terminal index finger phalanx	obsolete_without_replacement	[]
HP:0004153	obsolete Overgrowth of middle finger	obsolete_without_replacement	[]
HP:0004161	obsolete Periosteal new bone of middle finger phalanges	obsolete_without_replacement	[]
HP:0004162	obsolete Radially pointed middle finger phalanges	obsolete_without_replacement	[]
HP:0004168	obsolete Radially pointed proximal middle-finger phalanx	obsolete_without_replacement	[]
HP:0004175	obsolete Periosteal new bone of middle phalanx of middle-finger	obsolete_without_replacement	[]
HP:0004183	obsolete Abnormality of the epiphyses of the terminal phalanx of the middle finger	obsolete_without_replacement	[]
HP:0004184	obsolete Cone-shaped epiphysis of terminal phalanx of the middle finger	obsolete_without_replacement	[]
HP:0004185	obsolete Fused epiphysis of terminal phalanx of the middle finger	obsolete_without_replacement	[]
HP:0004186	obsolete Large epiphysis of terminal phalanx of the middle finger	obsolete_without_replacement	[]
HP:0004187	obsolete Prematurely fused epiphysis of terminal phalanx of the middle finger	obsolete_without_replacement	[]
HP:0004193	obsolete Expanded phalanges of the ring finger	obsolete_without_replacement	[]
HP:0004194	obsolete Hypoplastic phalanges of the ring finger	obsolete_without_replacement	[]
HP:0004196	obsolete Short phalanges of the ring finger	obsolete_without_replacement	[]
HP:0004198	obsolete Wide/broad phalanges of the ring finger	obsolete_without_replacement	[]
HP:0004759	obsolete Nodular calcific aortic valve disease	obsolete_without_replacement	[]
HP:0004760	obsolete Congenital septal defect	obsolete_without_replacement	[]
HP:0005379	obsolete Severe T lymphocytopenia	obsolete_without_replacement	[]
HP:0005397	obsolete Exaggerated cellular immune processes	obsolete_without_replacement	[]
HP:0005549	obsolete Congenital neutropenia	obsolete_without_replacement	[]
HP:0005833	obsolete Joint swelling onset late infancy	obsolete_without_replacement	[]
HP:0006830	obsolete Severe neonatal hypotonia in males	obsolete_without_replacement	[]
HP:0007163	obsolete Corticospinal tract disease in lower limbs	obsolete_without_replacement	[]
HP:0007659	obsolete Decreased retinal pigmentation with dispersion	obsolete_without_replacement	[]
HP:0007691	obsolete Short curly eyelashes	obsolete_without_replacement	[]
HP:0007712	obsolete Choroidal dystrophy	obsolete_without_replacement	[]
HP:0007736	obsolete Pericentral retinal dystrophy	obsolete_without_replacement	[]
HP:0007744	obsolete Iridoretinal coloboma	obsolete_without_replacement	[]
HP:0007748	obsolete Irido-fundal coloboma	obsolete_without_replacement	[]
HP:0007783	obsolete Butterfly retinal pigment epithelial dystrophy	obsolete_without_replacement	[]
HP:0007798	obsolete Foveal dystrophy	obsolete_without_replacement	[]
HP:0007801	obsolete Fishnet retinal pigmentation	obsolete_without_replacement	[]
HP:0007810	obsolete Progressive bifocal chorioretinal atrophy	obsolete_without_replacement	[]
HP:0007829	obsolete Diffuse retinal cone degeneration	obsolete_without_replacement	[]
HP:0007851	obsolete Temporal displacement of maculae	obsolete_without_replacement	[]
HP:0007868	obsolete Age-related macular degeneration	obsolete_without_replacement	[]
HP:0007910	obsolete Nonprogressive congenital retinal dystrophy	obsolete_without_replacement	[]
HP:0007916	obsolete Small anterior lens surface opacities	obsolete_without_replacement	[]
HP:0007923	obsolete Foveal hyperplasia	obsolete_without_replacement	[]
HP:0007961	obsolete Rarefaction of retinal pigmentation	obsolete_without_replacement	[]
HP:0007982	obsolete Central tapetoretinal dystrophy	obsolete_without_replacement	[]
HP:0008012	obsolete Congenital myopia	obsolete_without_replacement	[]
HP:0008356	obsolete Combined hyperlipidemia	obsolete_without_replacement	[]
HP:0009090	obsolete Facial diplegic appearance	obsolete_without_replacement	[]
HP:0009163	obsolete Abnormal form of the 5th finger	obsolete_without_replacement	[]
HP:0009448	obsolete Aplasia of the phalanges of the 3rd finger	obsolete_without_replacement	[]
HP:0009621	obsolete Ulnar deviation of the thumb	obsolete_without_replacement	[]
HP:0009885	obsolete Prenatal short stature	obsolete_without_replacement	[]
HP:0011606	obsolete Transposition of the great arteries with intact ventricular septum	obsolete_without_replacement	[]
HP:0011607	obsolete Transposition of the great arteries with ventricular septal defect	obsolete_without_replacement	[]
HP:0025237	obsolete Confusional arousal	obsolete_without_replacement	[]
HP:0025541	obsolete Decreased activity of complement receptor	obsolete_without_replacement	[]
HP:0031902	obsolete Decreased serum mast cell beta-tryptase concentration	obsolete_without_replacement	[]
HP:0041054	obsolete Fractured thoracic segment of trunk	obsolete_without_replacement	[]
HP:0041158	obsolete Fractured trunk	obsolete_without_replacement	[]
HP:0045013	obsolete Decreased urinary glucose concentration	obsolete_without_replacement	[]
HP:0045083	obsolete Increased body mass index	obsolete_without_replacement	[]
HP:0200099	obsolete Peripheral retinal pigmentation abnormalities	obsolete_without_replacement	[]
HP:0200129	obsolete Calcific mitral stenosis	obsolete_without_replacement	[]
HP:0200135	obsolete Macrocephaly due to hydrocephalus	obsolete_without_replacement	[]
HP:0200144	obsolete Anaphylactoid purpura	obsolete_without_replacement	[]
HP:0410382	obsolete Abnormal proportion of effector memory CD4-positive, alpha-beta T cells	obsolete_with_ambiguous_replacement	"[""HP:0025623"", ""HP:0410379""]"
HP:0500014	obsolete Abnormal test result	obsolete_without_replacement	[]
HP:3000026	obsolete Abnormality of common carotid artery plus branches	obsolete_without_replacement	[]
